,season,holiday,weekday,temp,atemp,hum,windspeed,yr,mnth,workingday,weathersit,predicciones_casual,predicciones_registered,prediccion_total
0,winter,0,Monday,11,9,47,15,1,3,0,2,516.147883448251,2561.5655414660505,3078.0
1,summer,1,Wednesday,23,26,30,14,1,7,1,1,1069.2644427010914,6233.379221673703,7303.0
2,autumn,0,Thursday,14,16,35,20,1,10,1,3,469.6442318580113,4718.601076702961,5188.0
3,spring,1,Saturday,15,15,20,25,0,4,0,1,563.6991657231656,2164.598340598291,2728.0
4,summer,1,Sunday,32,34,22,3,0,8,0,2,1414.694317460318,3594.0555489529333,5009.0
