,temp,hum,windspeed,season_encoding,yr_encoding,mnth_encoding,holiday_encoding,weekday_encoding,weathersit_encoding,workingday_encoding,predicciones_registered
0,-0.7243111505215559,-0.7444171689993723,0.43661930811405947,1.0,1.682,1.501,1.418,1.0,2.074,1.0,2561.566
1,0.19391123674263833,-1.5543430488706893,0.2847345531020809,1.955,1.682,2.171,1.0,1.309,2.419,1.019,6233.379
2,-0.4947555537055074,-1.31612955479089,1.1960430831739524,1.76,1.682,2.137,1.418,1.409,1.0,1.019,4718.601
3,-0.4182370214334912,-2.0307700370302872,1.9554668582338453,1.71,1.0,1.751,1.0,1.353,2.419,1.0,2164.598
4,0.882578027190784,-1.9354846393983678,-1.3859977520296833,1.955,1.0,2.272,1.0,1.201,2.074,1.0,3594.056
